{
	"strings": {
		"CREDITS_ROLE_3D_ARTIST": "3D Artist",
		"CREDITS_ROLE_ACCOUNTANT": "Accountant",
		"CREDITS_ROLE_ACCOUNTING_ASSISTANT": "Accounting Assistant",
		"CREDITS_ROLE_ACCOUNTING_ASSOCIATE": "Accounting Associate",
		"CREDITS_ROLE_ADDITIONAL_AUDIO_SUPPORT": "Additional Audio Support",
		"CREDITS_ROLE_ADDITIONAL_CREATIVE_DIRECTION": "Additional Creative Direction",
		"CREDITS_ROLE_ANIMATION_SUPPORT": "Animation Support",
		"CREDITS_ROLE_ANIMATION_PRODUCER": "Animation Producer",
		"CREDITS_ROLE_ART_CODE_DESIGN": "Art, Code, & Design",
		"CREDITS_ROLE_ART_DESIGN": "Art & Design",
		"CREDITS_ROLE_ART_DIRECTOR": "Art Director",
		"CREDITS_ROLE_BRAND_MANAGER": "Brand Manager",
		"CREDITS_ROLE_CERTIFICATION_LEAD": "Certification Lead",
		"CREDITS_ROLE_CERTIFICATION_SPECIALIST": "Certification Specialist",
		"CREDITS_ROLE_CERTIFIED_PUBLIC_ACCOUNTANT": "Certified Public Accountant",
		"CREDITS_ROLE_CERT_AND_SUBMISSION_MANAGER": "Cert and Submission Manager",
		"CREDITS_ROLE_CFO": "CFO",
		"CREDITS_ROLE_CHARACTER_ANIMATOR/RIGGER": "Character Animator/Rigger",
		"CREDITS_ROLE_CHIEF_BUSINESS_OFFICER": "Chief Business Officer",
		"CREDITS_ROLE_CHIEF_COMMUNICATIONS_OFFICER": "Chief Communications Officer",
		"CREDITS_ROLE_CHIEF_EXECUTIVE_OFFICER": "Chief Executive Officer",
		"CREDITS_ROLE_CHIEF_FINANCIAL_OFFICER": "Chief Financial Officer",
		"CREDITS_ROLE_CHIEF_OPERATING_OFFICER": "Chief Operating Officer",
		"CREDITS_ROLE_COMMUNITY_MANAGER": "Community Manager",
		"CREDITS_ROLE_CONCEPT_ARTIST/ART_WRANGLER": "Concept Artist/Art Wrangler",
		"CREDITS_ROLE_CONCEPT_ARTIST": "Concept Artist",
		"CREDITS_ROLE_CUSTOMER_SERVICE_REPRESENTATIVE": "Customer Service Representative",
		"CREDITS_ROLE_CUSTOMER_SERVICE_REP_QA_TESTER": "Customer Service Representative/QA Tester",
		"CREDITS_ROLE_CUSTOMER_SUPPORT_PROJECT_MANAGER": "Customer Support Project Manager",
		"CREDITS_ROLE_CUSTOMER_SUPPORT_MANAGER": "Customer Support Manager",
		"CREDITS_ROLE_DESIGN_DIRECTOR": "Design Director",
		"CREDITS_ROLE_DESIGN_SUPPORT": "Design Support",
		"CREDITS_ROLE_DEV_OPS_ENGINEER": "Dev Ops Engineer",
		"CREDITS_ROLE_DIRECTOR_OF_DIGITAL_AND_COMMUNITY_STRATEGY": "Director of Digital and Community Strategy",
		"CREDITS_ROLE_DIRECTOR_OF_LICENSING": "Director of Licensing",
		"CREDITS_ROLE_DIRECTOR_OF_OPERATIONS_GSQ": "Director of Operations (GSQ)",
		"CREDITS_ROLE_ENGINEER": "Engineer",
		"CREDITS_ROLE_ENGINEERING_SUPPORT": "Engineering Support",
		"CREDITS_ROLE_EXECUTIVE_ADMINISTRATIVE_ASSISTANT": "Executive Administrative Assistant",
		"CREDITS_ROLE_EXECUTIVE_SUPPORT": "Executive Support",
		"CREDITS_ROLE_FINANCIAL_CONTROLLER": "Financial Controller",
		"CREDITS_ROLE_HEAD_OF_LEGAL": "Head of Legal",
		"CREDITS_ROLE_HEAD_OF_PLATFORM_OPERATIONS": "Head of Platform Operations",
		"CREDITS_ROLE_HEAD_OF_PRODUCTION": "Head of Production",
		"CREDITS_ROLE_HEAD_OF_SALES": "Head of Sales",
		"CREDITS_ROLE_HEAD_OF_TECHNOLOGY": "Head of Technology",
		"CREDITS_ROLE_HELP_DESK_ANALYST": "Help Desk Analyst",
		"CREDITS_ROLE_HELP_DESK_LEAD": "Help Desk Lead",
		"CREDITS_ROLE_HELP_DESK_TECHNICIAN": "Help Desk Technician",
		"CREDITS_ROLE_HR_DIRECTOR": "HR Director",
		"CREDITS_ROLE_HR_GENERALIST": "HR Generalist",
		"CREDITS_ROLE_INFLUENCER_MANAGER": "Influencer Manager",
		"CREDITS_ROLE_IT_DIRECTOR": "IT Director",
		"CREDITS_ROLE_IT_MANAGER": "IT Manager",
		"CREDITS_ROLE_IT_PROJECT_COORDINATOR": "IT Project Coordinator",
		"CREDITS_ROLE_IT_WEB_DEVELOPER": "IT Web Developer",
		"CREDITS_ROLE_LEAD_ARTIST": "Lead Artist",
		"CREDITS_ROLE_LEAD_GAME_DESIGNER": "Lead Game Designer",
		"CREDITS_ROLE_LEAD_IT_SPECIALIST": "Lead IT Specialist",
		"CREDITS_ROLE_LEAD_PRODUCER": "Lead Producer",
		"CREDITS_ROLE_LEAD_RELEASE_ENGINEER": "Lead Release Engineer",
		"CREDITS_ROLE_LEAD_SOUND_DESIGNER": "Lead Sound Designer",
		"CREDITS_ROLE_LEGAL_ASSOCIATE": "Legal Associate",
		"CREDITS_ROLE_LEVEL_DESIGNER": "Level Designer",
		"CREDITS_ROLE_LICENSING_COORDINATOR": "Licensing Coordinator",
		"CREDITS_ROLE_LINGUISTIC_COORDINATORS_/_TRANSLATORS": "Linguistic Coordinators / Translators",
		"CREDITS_ROLE_LOCALIZATION_PROJECT_MANAGER": "Localization Project Manager",
		"CREDITS_ROLE_LOCALIZATION_QA_COORDINATOR": "Localization QA Coordinator",
		"CREDITS_ROLE_LOCALIZATION_LEAD": "Localization Lead",
		"CREDITS_ROLE_MANAGER_FINANCIAL_PLANNING_AND_ANALYSIS": "Manager, Financial Planning and Analysis",
		"CREDITS_ROLE_MANAGING_DIRECTOR_DIGITAL_PARTNERSHIPS": "Managing Director, Digital Partnerships",
		"CREDITS_ROLE_MANAGING_DIRECTOR_OF_DESIGN": "Managing Director of Design",
		"CREDITS_ROLE_MARKETING_ART_DIRECTOR": "Marketing Art Director",
		"CREDITS_ROLE_MARKETING_ARTIST": "Marketing Artist",
		"CREDITS_ROLE_MARKETING_ASSOCIATE_PRODUCER": "Marketing Associate Producer",
		"CREDITS_ROLE_MARKETING_CREATIVE_DIRECTOR": "Marketing Creative Director",
		"CREDITS_ROLE_NEW_MEDIA_MANAGER": "New Media Manager",
		"CREDITS_ROLE_OFFICE_ASSISTANT": "Office Assistant",
		"CREDITS_ROLE_OFFICE_COORDINATOR": "Office Coordinator",
		"CREDITS_ROLE_OFFICE_MANAGER": "Office Manager",
		"CREDITS_ROLE_OPERATIONS_MANAGER": "Operations Manager",
		"CREDITS_ROLE_OPERATIONS_SUPPORT": "Operations Support",
		"CREDITS_ROLE_PARALEGAL": "Paralegal",
		"CREDITS_ROLE_PAYROLL_SPECIALIST": "Payroll Specialist",
		"CREDITS_ROLE_PLATFORM_ENGINEER": "Platform Engineer",
		"CREDITS_ROLE_PLATFORM_OPERATIONS_MANAGER": "Platform Operations Manager",
		"CREDITS_ROLE_PRESIDENT": "President",
		"CREDITS_ROLE_PRINCIPAL_ANIMATOR": "Principal Animator",
		"CREDITS_ROLE_PRODUCER": "Producer",
		"CREDITS_ROLE_PRODUCTION_MANAGER": "Production Manager",
		"CREDITS_ROLE_PRODUCTION_SUPPORT": "Production Support",
		"CREDITS_ROLE_PUBLIC_RELATIONS_DIRECTOR": "Public Relations Director",
		"CREDITS_ROLE_PUBLIC_RELATIONS_MANAGER": "Public Relations Manager",
		"CREDITS_ROLE_PURCHASING_MANAGER": "Purchasing Manager",
		"CREDITS_ROLE_QA_DIRECTOR": "QA Director",
		"CREDITS_ROLE_QA_LEAD": "QA Lead",
		"CREDITS_ROLE_QA_MANAGER": "QA Manager",
		"CREDITS_ROLE_QA_SPECIALIST": "QA Specialist",
		"CREDITS_ROLE_QA_TESTER": "QA Tester",
		"CREDITS_ROLE_RATINGS_SPECIALIST": "Ratings Specialist",
		"CREDITS_ROLE_RECEPTIONIST": "Receptionist",
		"CREDITS_ROLE_RELEASE_ENGINEER": "Release Engineer",
		"CREDITS_ROLE_RECEPTIONIST_ADMINISTRATOR": "Receptionist Administrator",
		"CREDITS_ROLE_RECRUITER": "Recruiter",
		"CREDITS_ROLE_SALES_MANAGER": "Sales Manager",
		"CREDITS_ROLE_SENIOR_ACCOUNTANT": "Senior Accountant",
		"CREDITS_ROLE_SENIOR_ANIMATOR": "Senior Animator",
		"CREDITS_ROLE_SENIOR_ART_PRODUCER": "Senior Art Producer",
		"CREDITS_ROLE_VFX_SENIOR_ARTIST": "VFX Senior Artist",
		"CREDITS_ROLE_SENIOR_CORPORATE_COUNSEL": "Senior Corporate Counsel",
		"CREDITS_ROLE_SENIOR_DIRECTOR_OF_MARKETING": "Senior Director of Marketing",
		"CREDITS_ROLE_SENIOR_FINANCIAL_ANALYST": "Senior Financial Analyst",
		"CREDITS_ROLE_SENIOR_GAME_DESIGNER": "Senior Game Designer",
		"CREDITS_ROLE_SENIOR_GAMEPLAY_PROGRAMMER": "Senior Gameplay Programmer",
		"CREDITS_ROLE_SENIOR_IT_SPECIALIST": "Senior IT Specialist",
		"CREDITS_ROLE_SENIOR_IT_WEB_DEVELOPER": "Senior IT Web Developer",
		"CREDITS_ROLE_SENIOR_QA_PROJECT_LEAD": "Senior QA Project Lead",
		"CREDITS_ROLE_SENIOR_QA_MANAGER": "Senior QA Manager",
		"CREDITS_ROLE_SENIOR_QA_LEAD": "Senior QA Lead",
		"CREDITS_ROLE_SENIOR_RELEASE_ENGINEER": "Senior Release Engineer",
		"CREDITS_ROLE_SENIOR_SYSTEMS_ENGINEER": "Senior Systems Engineer",
		"CREDITS_ROLE_SENIOR_USER_RESEARCH_ANALYST": "Senior User Research Analyst",
		"CREDITS_ROLE_SENIOR_VFX_ARTIST": "Senior VFX Artist",
		"CREDITS_ROLE_SENIOR_SOFTWARE_ENGINEER": "Senior Software Engineer",
		"CREDITS_ROLE_SOFTWARE_ENGINEER": "Software Engineer",
		"CREDITS_ROLE_SOFTWARE_TEST_ENGINEER": "Software Test Engineer",
		"CREDITS_ROLE_SOUND_DESIGNER": "Sound Designer",
		"CREDITS_ROLE_SR._PRODUCTION_MANAGER": "Sr. Production Manager",
		"CREDITS_ROLE_SR_GAME_DESIGNER": "Sr Game Designer",
		"CREDITS_ROLE_STUDIO_DIRECTOR": "Studio Director",
		"CREDITS_ROLE_STUDIO_TECHNICAL_DIRECTOR": "Studio Technical Director",
		"CREDITS_ROLE_SUBMISSIONS_SPECIALIST": "Submissions Specialist",
		"CREDITS_ROLE_SYSTEMS_ADMINISTRATOR": "Systems Administrator",
		"CREDITS_ROLE_SYSTEMS_ENGINEER": "Systems Engineer",
		"CREDITS_ROLE_TECHNICAL_ARTIST": "Technical Artist",
		"CREDITS_ROLE_TECHNICAL_DIRECTOR": "Technical Director",
		"CREDITS_ROLE_TEST_ASSOCIATE": "Test Associate",
		"CREDITS_ROLE_TEST_DIRECTOR": "Test Director",
		"CREDITS_ROLE_TEST_LEAD": "Test Lead",
		"CREDITS_ROLE_TEST_MANAGER": "Test Manager",
		"CREDITS_ROLE_USER_RESEARCH_ANALYST": "User Research Analyst",
		"CREDITS_ROLE_USER_RESEARCH_MANAGER": "User Research Manager",
		"CREDITS_ROLE_VFX_ARTIST": "VFX Artist",
		"CREDITS_ROLE_VFX_ART_DIRECTOR": " VFX Art Director",
		"CREDITS_ROLE_VP_OF_FINANCE": "VP of Finance",
		"CREDITS_ROLE_VP_OF_STRATEGIC_OPERATIONS": "VP of Strategic Operations",
		"CREDITS_ROLE_PRODUCT_MANAGEMENT_SPECIALIST": "Product Management Specialist",
		"CREDITS_ROLE_EXECUTIVE_PRODUCER": "Executive Producer",
		"CREDITS_ROLE_LOCALIZATION_SPECIALIST": "Localization Specialist",
		"CREDITS_ROLE_QA_ANALYST": "QA Analyst",
		"CREDITS_ROLE_ASSOCIATE_BRAND_MANAGER": "Associate Brand Manager",
		"CREDITS_ROLE_QA_TEST_COORDINATOR": "QA Test Coordinator",
		"CREDITS_ROLE_CONSUMER_RESEARCH_LAB_COORDINATOR": "Consumer Research Lab Coordinator",
		"CREDITS_ROLE_MARKET_RESEARCH_ANALYST": "Market Research Analyst",
		"CREDITS_ROLE_DIRECTOR_ONLINE_ENGAGEMENT": "Director Online Engagement",
		"CREDITS_ROLE_SENIOR_PRODUCT_MANAGER": "Senior Product Manager",
		"CREDITS_ROLE_DIRECTOR_OF_PRODUCT_MANAGEMENT": "Director of Product Management",
		"CREDITS_ROLE_OPERATIONS_COORDINATOR": "Operations Coordinator",
		"CREDITS_ROLE_DIRECTOR_OF_OPERATIONS": "Director of Operations",
		"CREDITS_ROLE_DIRECTOR_OF_PLAYER_SERVICES": "Director of Player Services",
		"CREDITS_ROLE_DIRECTOR_OF_CONSUMER_RESEARCH": "Director of Consumer Research",
		"CREDITS_ROLE_LEAD_USER_RESEARCH_ANALYST": "Lead User Research Analyst",
		"CREDITS_ROLE_OPERATIONS_ACCOUNT_MANAGER": "Operations Account Manager",
		"CREDITS_ROLE_ASSOCIATE_PRODUCT_MANAGER": "Associate Product Manager",
		"CREDITS_ROLE_COMMUNICATIONS_COORDINATOR": "Communications Coordinator",
		"CREDITS_ROLE_SENIOR_PRODUCER": "Senior Producer",
		"CREDITS_ROLE_IT_PROJECT_MANAGER": "IT Project Manager",
		"CREDITS_ROLE_CEO": "CEO & President Gearbox Entertainment",
		"CREDITS_ROLE_ASSOCIATE_LEGAL_COUNSEL": "Associate Legal Counsel",
		"CREDITS_ROLE_ASSOCIATE_CONTENT_ARTIST": "Associate Content Artist",
		"CREDITS_ROLE_CONTENT_ARTIST": "Content Artist",
		"CREDITS_ROLE_PROGRAMMER": "Programmer",
		"CREDITS_ROLE_SENIOR_PROGRAMMER": "Senior Programmer",
		"CREDITS_ROLE_SENIOR_MANAGING_PRODUCER": "Senior Managing Producer",
		"CREDITS_ROLE_GENERALIST_PROGRAMMER": "Generalist Programmer",
		"CREDITS_ROLE_SENIOR_CREATIVE_PRODUCER": "Senior Creative Producer",
		"CREDITS_ROLE_SENIOR_CONCEPT_ARTIST": "Senior Concept Artist",
		"CREDITS_ROLE_ASSOCIATE_GAME_DESIGNER": "Associate Game Designer",
		"CREDITS_ROLE_ALTO_TENOR": "Alto & Tenor Saxophone",
		"CREDITS_ROLE_OBOE_HORN": "Oboe & English Horn",
		"CREDITS_ROLE_VIOLIN_VOCALS": "Violin & Vocals",
		"CREDITS_ROLE_BAGLAMA_BONGOS": "Baglama & Bongos",
		"CREDITS_ROLE_ACCOUNT_MANAGER": "Account Manager",
		"CREDITS_ROLE_PRODUCTION_LEAD": "Prodcution Lead",
		"CREDITS_ROLE_CEO_ALONE": "CEO",
		"CREDITS_ROLE_PROJECT_MANAGER": "Project Manager",
		"CREDITS_ROLE_BUSINESS_DEVELOPMENT_MANAGER": "Business Development Manager",
		"CREDITS_ROLE_BUSINESS_DIRECTOR": "Business Director",
		"CREDITS_ROLE_HEAD_OF_QA_DEPARTMENT": "Head of QA Department",
		"CREDITS_ROLE_LEAD_QA_ENGINEER": "Lead QA Engineer",
		"CREDITS_ROLE_QA_ENGINEER": "QA Engineer",
		"CREDITS_ROLE_LEAD_TECHNICAL_ARTIST": "Lead Technical Artist",
		"CREDITS_ROLE_HEAD_OF_UNITY_DEPARTMENT": "Head of Unity Department",
		"CREDITS_ROLE_LEAD_UNITY_DEVELOPER": "Lead Unity Developer",
		"CREDITS_ROLE_UNITY_DEVELOPER": "Unity Developer",
		"CREDITS_ROLE_ASSOCIATE_LEVEL_ARTIST": "Associate Level Artist",
		"CREDITS_ROLE_LEAD_UNITY_CONSULTANT": "Lead Unity Consultant",
		"CREDITS_ROLE_UNITY_CONSULTANT": "Unity Consultant",
		"CREDITS_ROLE_BUSINESS_DEVELOPMENT_DIRECTOR": "Business Development Director",
		"CREDITS_ROLE_GAME_DESIGNER": "Game Designer",
		"CREDITS_ROLE_ASSOCIATE_PRODUCER": "Associate Producer",
		"CREDITS_ROLE_SENIOR_OUTSOURCING_MANAGER": "Senior Outsourcing Manager",
		"CREDITS_ROLE_LOREMASTER": "Loremaster",
		"CREDITS_ROLE_PRODUCTION_GENERAL": "Production",
		"CREDITS_ROLE_DESIGN_GENERAL": "Design",
		"CREDITS_ROLE_ENGINEERING_GENERAL": "Engineering",
		"CREDITS_ROLE_ART_TECHNICAL": "Technical Art",
		"CREDITS_ROLE_SPECIAL_THANKS": "Special Thanks",
		"CREDITS_ROLE_ASSOCIATE_QA_LEAD": "Associate QA Lead",
		"CREDITS_ROLE_ASSOCIATE_DIRECTOR_OF_SALES": "Associate Director of Sales",
		"CREDITS_ROLE_RELEASE_TECHNICIAN": "Release Technician",
		"CREDITS_ROLE_SENIOR_QA_ANALYST": "Senior QA Analyst",
		"CREDITS_ROLE_SENIOR_SUBMISSION_SPECIALIST": "Senior Submission Specialist",
		"CREDITS_ROLE_RELEASE_MANAGER": "Release Manager",
		"CREDITS_ROLE_JUNIOR_LEVEL_DESIGNER": "Junior Level Designer",
		"CREDITS_ROLE_ASSOCIATE_DEVELOPMENT_PRODUCER": "Associate Development Producer"
	}
}