{
	"strings": {
		"BROTHER_DIALOGUE_FORMAT": "<color=#c6d5ff><size=120%>Mithrix: {0}</color></size>",

		"BROTHER_SPAWN_PHASE1_1": "Pray.",
		"BROTHER_SPAWN_PHASE1_2": "Beg.",
		"BROTHER_SPAWN_PHASE1_3": "Die.",
		"BROTHER_SPAWN_PHASE1_4": "Be slaughtered.",

		"BROTHER_DAMAGEDEALT_1": "Bleed.",
		"BROTHER_DAMAGEDEALT_2": "Now is the time for fear.",
		"BROTHER_DAMAGEDEALT_3": "Weak.",
		"BROTHER_DAMAGEDEALT_4": "Frail - and soft.",
		"BROTHER_DAMAGEDEALT_5": "You are nothing.",
		"BROTHER_DAMAGEDEALT_6": "Mistake.",
		"BROTHER_DAMAGEDEALT_7": "Scream, vermin.",
		"BROTHER_DAMAGEDEALT_8": "Break beneath me.",
		"BROTHER_DAMAGEDEALT_9": "Slow.",
		"BROTHER_DAMAGEDEALT_10": "Your body will shatter.",

		"BROTHER_KILL_1": "Return to dirt.",
		"BROTHER_KILL_2": "Submit, vermin.",
		"BROTHER_KILL_3": "Die, vermin.",
		"BROTHER_KILL_4": "Die, weakling.",
		"BROTHER_KILL_5": "Become memories.",

		"BROTHER_SEE_HERETIC_1": "Regret this journey, Heretic.",
		"BROTHER_SEE_HERETIC_2": "Die again, Heretic.",

		"BROTHER_KILL_HERETIC_1": "Return to pieces, Heretic.",
		"BROTHER_KILL_HERETIC_2": "Die again, Heretic.",

		"BROTHER_KILL_MECHANICAL_1": "Inferior construct. Broken.",
		"BROTHER_KILL_MECHANICAL_2": "Primitive scrap.",
		"BROTHER_KILL_MECHANICAL_3": "Disassembled.",


		"BROTHERHURT_DAMAGEDEALT_1": "BLEED.",
		"BROTHERHURT_DAMAGEDEALT_2": "SCREAM.",
		"BROTHERHURT_DAMAGEDEALT_3": "WHERE'S YOUR INFLUENCE?",
		"BROTHERHURT_DAMAGEDEALT_4": "FLEETING STRENGTH.",
		"BROTHERHURT_DAMAGEDEALT_5": "FRAIL.",
		"BROTHERHURT_DAMAGEDEALT_6": "BREAK.",
		"BROTHERHURT_DAMAGEDEALT_7": "FALSE STRENGTH.",
		"BROTHERHURT_DAMAGEDEALT_8": "DRAIN.",
		"BROTHERHURT_DAMAGEDEALT_9": "DIE, VERMIN.",
		"BROTHERHURT_DAMAGEDEALT_10": "WEAK, WITHOUT YOUR BAUBLES AND TRINKETS.",

		"BROTHERHURT_KILL_1": "DIE.",
		"BROTHERHURT_KILL_2": "WEAK.",
		"BROTHERHURT_KILL_3": "USELESS.",
		"BROTHERHURT_KILL_4": "AS I THOUGHT...",
		"BROTHERHURT_KILL_5": "VERMIN.",

		"BROTHERHURT_DEATH_1": "NO... NOT NOW...",
		"BROTHERHURT_DEATH_2": "WHY... WHY NOW...?",
		"BROTHERHURT_DEATH_3": "NO... NO...!",
		"BROTHERHURT_DEATH_4": "BROTHER... HELP ME...!",
		"BROTHERHURT_DEATH_5": "THIS PLANE GROWS DARK... BROTHER... I CANNOT SEE YOU... WHERE ARE YOU...?",
		"BROTHERHURT_DEATH_6": "BROTHER... PERHAPS... WE WILL GET IT RIGHT... NEXT TIME...",

		"BROTHERHURT_SEE_TITANGOLD_1": "THE GUARDIAN...? IMPOSSIBLE...!",
		"BROTHERHURT_SEE_TITANGOLD_2": "THE WRETCHED GUARDIAN...!",
		"BROTHERHURT_SEE_TITANGOLD_AND_HERETIC_1": "THE HERETIC� THE GUARDIAN� HOW? WHO PULLS YOUR STRINGS, VERMIN?",

		"BROTHERHURT_KILL_TITANGOLD_1": "YOU CANNOT DEFY ME, GUARDIAN",
		"BROTHERHURT_KILL_TITANGOLD_2": "RETURN TO DIRT, GUARDIAN.",

		"BROTHERHURT_KILL_HERETIC_1": "RETURN TO PIECES, HERETIC.",
		"BROTHERHURT_KILL_HERETIC_2": "DIE AGAIN, HERETIC."
	}
}