{
  "strings":
  {	
    "EOS_LINK_ACCOUNT": "Link Epic Games Account",
    "EOS_NOT_LINKED_TITLE": "Epic Games Account Not Linked",
    "EOS_NOT_LINKED_MESSAGE" : "Cross-play has been enabled, but you do not have an Epic Games account linked to your Steam account. Press Retry to link accounts again, or Cancel to disable cross-play and exit the game.",
    "EOS_RETRY_LOGIN": "Retry",
    "EOS_DEACTIVATE_CROSSPLAY_RESTART": "Cancel",
    "EOS_SERVER_BROWSER_INFO": "Showing only cross-play lobbies.",
    "EOS_TOGGLE_POPUP_TITLE": "Restart Required",
    "EOS_TOGGLE_POPUP_MESSAGE": "A game restart is required for cross-play changes to take effect. Press \"Now\" to close the game or \"Later\" to continue playing.",
    "EOS_TOGGLE_CLOSE_NOW": "Now",
    "EOS_TOGGLE_CLOSE_LATER": "Later",
    "EOS_TOGGLE_CROSSPLAY_DESCRIPTION": "WARNING: Changing this setting will require a game restart.\n\nCross-play allows Steam users to play with Epic Games users. Cross-play requires you to link your Steam account with an Epic Games account.\n\nWith cross-play enabled, you will only see lobbies from Epic Games or Steam users with cross-play enabled.\n\nWith cross-play disabled, you will only see lobbies from other Steam users that have not enabled cross-play.",
    "EOS_CANNOT_JOIN_STEAM_LOBBY_HEADER": "Cannot Join Lobby",
    "EOS_CANNOT_JOIN_STEAM_LOBBY_MESSAGE": "Unable to join a non-cross-play Steam lobby because cross-play is enabled.  This option can be toggled in the settings menu.",
    "EOS_INVALID_LOBBY_REQUIRES_CROSSPLAY_DESCRIPTION": "The lobby you are trying to join requires cross-play. Enable cross-play in the settings menu to join the lobby (requires a restart)",
    "EOS_INVALID_LOBBY_NO_CROSSPLAY_DESCRIPTION": "The lobby you are trying to join has cross-play disabled. Disable cross-play in the settings menu to join the lobby (requires a restart)",
    "EOS_INVALID_LOBBY_CROSSPLAY_GO_TO_SETTINGS": "Go To Settings",       
    "EOS_LINK_ACCOUNT_DESCRIPTION":"Linking or creating an Epic Games Account allows you to invite your Epic Games Store friends and receive invites from them.",
    "OPTION_EOS_LINK_ACCOUNT":"Link your Epic Games Account"
  }
}