{
	"strings":
	{
		"NEW_UNLOCKABLE" : "NEW",
		"LOCKED" : "LOCKED",
		"UNLOCKED_FORMAT" : "Completed '{0}'!\n<s><style=cStack>{1}</style></s>",
		
		"UNLOCK_VIA_ACHIEVEMENT_FORMAT" : "Requires '{0}'\n<style=cStack>{1}</style>",
		"UNLOCK_VIA_FIND_FORMAT" : "Find {0}.",
		
		"UNLOCKABLE_LOG_BEETLE": "Monster Log: Beetle",
		"UNLOCKABLE_LOG_BEETLEGUARD": "Monster Log: Beetle Guard",
		"UNLOCKABLE_LOG_BEETLEQUEEN": "Monster Log: Beetle Queen",
		"UNLOCKABLE_LOG_BISON": "Monster Log: Bison",
		"UNLOCKABLE_LOG_BELL" : "Monster Log: Brass Contraption",
		"UNLOCKABLE_LOG_CLAY": "Monster Log: Clayman",
		"UNLOCKABLE_LOG_CLAYBOSS": "Monster Log: Clay Dunestrider",
		"UNLOCKABLE_LOG_GOLEM": "Monster Log: Stone Golem",
		"UNLOCKABLE_LOG_TITAN": "Monster Log: Stone Titan",
		"UNLOCKABLE_LOG_TITANGOLD": "Monster Log: Aurelionite",
		"UNLOCKABLE_LOG_IMP": "Monster Log: Imp",
		"UNLOCKABLE_LOG_JELLYFISH": "Monster Log: Jellyfish",
		"UNLOCKABLE_LOG_VAGRANT": "Monster Log: Wandering Vagrant",
		"UNLOCKABLE_LOG_LEMURIAN": "Monster Log: Lemurian",
		"UNLOCKABLE_LOG_MAGMAWORM": "Monster Log: Magma Worm",
		"UNLOCKABLE_LOG_WISP": "Monster Log: Lesser Wisp",
		"UNLOCKABLE_LOG_GREATERWISP": "Monster Log: Greater Wisp",
		"UNLOCKABLE_LOG_ANCIENTWISP" : "Monster Log: Ancient Wisp",
		"UNLOCKABLE_LOG_LEMURIANBRUISER" : "Monster Log: Elder Lemurian",
		"UNLOCKABLE_LOG_HERMITCRAB" : "Monster Log: Hermit Crab",
		"UNLOCKABLE_LOG_IMPBOSS" : "Monster Log: Imp Overlord",
		"UNLOCKABLE_LOG_ELECTRICWORM" : "Monster Log: Overloading Worm",
		"UNLOCKABLE_LOG_CLAYBRUISER" : "Monster Log: Clay Templar",
		"UNLOCKABLE_LOG_GRAVEKEEPER" : "Monster Log: Grovetender",
		"UNLOCKABLE_LOG_VULTURE" : "Monster Log: Alloy Vulture",
		"UNLOCKABLE_LOG_ROBOBALLBOSS" : "Monster Log: Solus Control Unit",
		"UNLOCKABLE_LOG_ROBOBALLMINI" : "Monster Log: Solus Probe",
		"UNLOCKABLE_LOG_SUPERROBOBALLBOSS" : "Monster Log: Alloy Worship Unit",
		"UNLOCKABLE_LOG_NULLIFIER" : "Monster Log: Void Reaver",
		"UNLOCKABLE_LOG_SCAV" : "Monster Log: Scavenger",
		"UNLOCKABLE_LOG_PARENT" : "Monster Log: Parent",
		"UNLOCKABLE_LOG_MINIMUSHROOM" : "Monster Log: Mini Mushrum",
		"UNLOCKABLE_LOG_GRANDPARENT" : "Monster Log: Grandparent",
		"UNLOCKABLE_LOG_LUNARWISP" : "Monster Log: Lunar Chimera",
		"UNLOCKABLE_LOG_LUNARGOLEM" : "Monster Log: Lunar Chimera",
		"UNLOCKABLE_LOG_BROTHER" : "Monster Log: Mithrix",
		"UNLOCKABLE_LOG_LUNAREXPLODER" : "Monster Log: Lunar Chimera",

		"UNLOCKABLE_LOG_VOIDBARNACLE" : "Monster Log: Void Barnacle",
		"UNLOCKABLE_LOG_VOIDJAILER" : "Monster Log: Void Jailer",
		"UNLOCKABLE_LOG_ACIDLARVA" : "Monster Log: Larva",
		"UNLOCKABLE_LOG_FLYINGVERMIN" : "Monster Log: Blind Pest",
		"UNLOCKABLE_LOG_VERMIN" : "Monster Log: Blind Vermin",
		"UNLOCKABLE_LOG_CLAYGRENADIER" : "Monster Log: Clay Apothecary",
		"UNLOCKABLE_LOG_GUP" : "Monster Log: Gup",
		"UNLOCKABLE_LOG_MINORCONSTRUCT" : "Monster Log: Alpha Construct",
		"UNLOCKABLE_LOG_MAJORCONSTRUCT" : "Monster Log: Xi Construct",
		"UNLOCKABLE_LOG_VOIDMEGACRAB" : "Monster Log: Void Devastator",
		"UNLOCKABLE_LOG_VOIDRAIDCRAB" : "Monster Log: Voidling",
		"UNLOCKABLE_LOG_VOIDINFESTOR" : "Monster Log: Void Infestor",

		"UNLOCKABLE_BLUEPRINT_SHIELDONLY": "Blueprint: Transcendence",
		"UNLOCKABLE_LOG_STAGES_BLACKBEACH": "Environment Log: Distant Roost",
		"UNLOCKABLE_LOG_STAGES_GOLEMPLAINS": "Environment Log: Titanic Plains",
		"UNLOCKABLE_LOG_STAGES_GOOLAKE": "Environment Log: Abandoned Aqueduct",
		"UNLOCKABLE_LOG_STAGES_BAZAAR": "Environment Log: Bazaar Between Time",
		"UNLOCKABLE_LOG_STAGES_FROZENWALL": "Environment Log: Rallypoint Delta",
		"UNLOCKABLE_LOG_STAGES_FOGGYSWAMP": "Environment Log: Wetland Aspect",
		"UNLOCKABLE_LOG_STAGES_DAMPCAVE": "Environment Log: Abyssal Depths",
		"UNLOCKABLE_LOG_STAGES_WISPGRAVEYARD": "Environment Log: Scorched Acres",
		"UNLOCKABLE_LOG_STAGES_MYSTERYSPACE" : "Environment Log: A Moment, Fractured",
		"UNLOCKABLE_LOG_STAGES_GOLDSHORES" : "Environment Log: Gilded Coast",
		"UNLOCKABLE_LOG_STAGES_SHIPGRAVEYARD" : "Environment Log: Siren's Call",
		"UNLOCKABLE_LOG_STAGES_ROOTJUNGLE" : "Environment Log: Sundered Grove",
		"UNLOCKABLE_LOG_STAGES_ARENA" : "Environment Log: Void Fields",
		"UNLOCKABLE_LOG_STAGES_LIMBO" : "Environment Log: A Moment, Whole",
		"UNLOCKABLE_LOG_STAGES_SKYMEADOW" : "Environment Log: Sky Meadow",
		"UNLOCKABLE_LOG_STAGES_ARTIFACTWORLD" : "Environment Log: Bulwark's Ambry",
		"UNLOCKABLE_LOG_STAGES_MOON" : "Environment Log: Commencement",

		"UNLOCKABLE_LOG_STAGES_ANCIENTLOFT" : "Environment Log: Aphelian Sanctuary",
		"UNLOCKABLE_LOG_STAGES_SNOWYFOREST" : "Environment Log: Siphoned Forest",
		"UNLOCKABLE_LOG_STAGES_SULFURPOOLS" : "Environment Log: Sulfur Pools",
		"UNLOCKABLE_LOG_STAGES_VOIDSTAGE" : "Environment Log: Void Locus",
		"UNLOCKABLE_LOG_STAGES_VOIDRAID" : "Environment Log: The Planetarium"
	}
}